,Index Name,ind_close_all_05102026.csv,ind_close_all_01102026.csv
0,Nifty 50,.6,-.88
1,Nifty Next 50,.34,-1.1
2,Nifty 100,.55,-.92
3,Nifty 200,.57,-.94
4,Nifty 500,.52,-.97
5,Nifty Midcap 50,.42,-1.11
6,NIFTY Midcap 100,.67,-1.01
7,NIFTY Smallcap 100,.47,-.97
8,Nifty50 Dividend Points,-,-
9,Nifty Auto,.15,-3.46
10,Nifty Bank,.48,-.33
11,Nifty Energy,.57,-.68
12,Nifty Financial Services,.41,-.38
13,Nifty FMCG,1.8,-1.61
14,Nifty IT,-.01,2.17
15,Nifty Media,.92,-2.33
16,Nifty Metal,.3,-2.35
17,Nifty MNC,.15,-1.2
18,Nifty Pharma,-.74,-.48
19,Nifty PSU Bank,.97,-.98
20,Nifty Realty,.56,-1.46
21,Nifty India Consumption,.74,-1.89
22,Nifty Commodities,.57,-1.93
23,Nifty Dividend Opportunities 50,.72,-.96
24,Nifty Infrastructure,1.02,-1.47
25,Nifty PSE,.81,-1.62
26,Nifty Services Sector,.38,-.19
27,Nifty50 Shariah,-.15,.09
28,Nifty500 Shariah,0,-.38
29,Nifty Low Volatility 50,.29,-.9
30,Nifty Alpha 50,1.1,-.41
31,Nifty High Beta 50,1.17,-1.72
32,Nifty100 Equal Weight,.42,-1.13
33,Nifty100 Liquid 15,1.13,-.55
34,Nifty CPSE,1.01,-1.74
35,Nifty50 Value 20,.54,-.36
36,Nifty Midcap Liquid 15,.39,-1.54
37,Nifty Shariah 25,-.19,-.49
38,India VIX,2.21,7.15
39,Nifty Growth Sectors 15,-.21,-.49
40,Nifty50 TR 1x Inverse,-.54,.89
41,Nifty50 TR 2x Leverage,1.14,-1.77
42,Nifty50 PR 1x Inverse,-.53,.89
43,Nifty50 PR 2x Leverage,1.14,-1.77
44,NIFTY100 Quality 30,.47,-1.1
45,Nifty Mahindra Group,,
46,Nifty 50 Futures TR Index,.47,-.76
47,Nifty Tata Group,,
48,Nifty Tata Group 25% Cap,,
49,Nifty Private Bank,.08,.01
50,Nifty Smallcap 250,.38,-1.18
51,Nifty Smallcap 50,.28,-1.02
52,Nifty MidSmallcap 400,.47,-1.08
53,Nifty Midcap 150,.51,-1.02
54,Nifty Midcap Select,.64,-1.23
55,NIFTY LargeMidcap 250,.53,-.97
56,NIFTY SME EMERGE,.32,-1.46
57,Nifty Oil & Gas,.34,-1.32
58,Nifty Financial Services 25/50,.46,-.46
59,Nifty Healthcare Index,-1,-.26
60,Nifty500 Multicap 50:25:25,.5,-1.01
61,Nifty Microcap 250,0,-1.29
62,Nifty Total Market,.5,-.99
63,Nifty India Digital,.94,-.07
64,Nifty Mobility,.59,-2.8
65,Nifty India Defence,.42,-1.45
66,Nifty Financial Services Ex-Bank,1.26,-1.38
67,Nifty Housing,.65,-1.41
68,Nifty Transportation & Logistics,.59,-2.87
69,Nifty MidSmall Financial Services,1.07,-1.53
70,Nifty MidSmall Healthcare,-1.11,-.03
71,Nifty MidSmall IT & Telecom,1.48,1.51
72,Nifty MidSmall India Consumption,.49,-1.02
73,Nifty REITs & InvITs,.07,-1.05
74,Nifty Consumer Durables,1.53,-1.91
75,Nifty Non-Cyclical Consumer,1.12,-1.27
76,Nifty India Manufacturing,.16,-1.67
77,NIFTY100 Alpha 30,.98,-1.53
78,NIFTY500 Value 50,.73,-1.6
79,Nifty100 Low Volatility 30,.48,-1.05
80,NIFTY Alpha Low-Volatility 30,.31,-1.13
81,NIFTY Quality Low-Volatility 30,.2,-.82
82,NIFTY Alpha Quality Low-Volatility 30,.31,-1.22
83,NIFTY Alpha Quality Value Low-Volatility 30,.58,-1.45
84,NIFTY200 Quality 30,.54,-.73
85,NIFTY Midcap150 Quality 50,.69,-.56
86,Nifty200 Momentum 30,.79,-1.03
87,Nifty100 ESG Sector Leaders,.44,-.84
88,Nifty200 Alpha 30,1.08,-1.13
89,Nifty Midcap150 Momentum 50,.66,-.79
90,Nifty Smallcap250 Quality 50,.22,-1.02
91,NIFTY100 ESG,.28,-.82
92,NIFTY100 Enhanced ESG,.28,-.82
93,NIFTY50 Equal Weight,.55,-1.2
94,Nifty 50 Futures Index,.4,-.78
95,Nifty 50 Arbitrage,.15,-.06
96,Nifty Aditya Birla Group,,
97,Nifty 8-13 yr G-Sec,-.06,-.15
98,Nifty 4-8 yr G-Sec Index,-.05,-.16
99,Nifty 11-15 yr G-Sec Index,0,-.25
100,Nifty 15 yr and above G-Sec Index,-.04,-.12
101,Nifty Composite G-sec Index,-.04,-.16
102,Nifty 10 yr Benchmark G-Sec,-.05,-.16
103,Nifty 10 yr Benchmark G-Sec (Clean Price),-.07,-.19
104,Nifty 1D Rate Index,.06,.01
105,Nifty50 USD,.59,-1.36
