,Index Name,ind_close_all_30092026.csv,ind_close_all_29092026.csv,ind_close_all_28092026.csv,ind_close_all_25092026.csv,ind_close_all_24092026.csv,ind_close_all_23092026.csv,ind_close_all_22092026.csv,ind_close_all_21092026.csv,ind_close_all_18092026.csv,ind_close_all_17092026.csv,ind_close_all_16092026.csv,ind_close_all_15092026.csv,ind_close_all_11092026.csv,ind_close_all_10092026.csv,ind_close_all_09092026.csv,ind_close_all_08092026.csv,ind_close_all_07092026.csv,ind_close_all_04092026.csv,ind_close_all_03092026.csv,ind_close_all_02092026.csv,ind_close_all_01092026.csv
0,Nifty 50,-.42,-.28,-1.56,.34,-1.64,.5,-.36,.29,.33,.23,.43,-1.19,-.34,.2,-.86,-.61,-.5,.1,-.17,-.59,-.1
1,Nifty Next 50,.41,-1.21,-2.05,.56,-1.49,.92,-.39,.08,1.24,1.1,.12,-2.5,-.62,-.44,-.13,.52,-.42,-.23,.14,.1,-1.2
2,Nifty 100,-.26,-.46,-1.65,.38,-1.61,.58,-.37,.25,.5,.39,.37,-1.44,-.39,.08,-.72,-.4,-.48,.04,-.11,-.46,-.31
3,Nifty 200,-.21,-.56,-1.65,.27,-1.74,.61,-.31,.14,.65,.5,.29,-1.58,-.36,-.02,-.68,-.27,-.48,-.02,-.01,-.47,-.53
4,Nifty 500,-.13,-.59,-1.64,.23,-1.67,.62,-.29,.09,.82,.54,.24,-1.7,-.37,-.03,-.64,-.22,-.42,0,.13,-.5,-.47
5,Nifty Midcap 50,-.01,-1.04,-1.52,-.25,-2.57,.57,-.01,-.02,.87,.96,.02,-2.08,.01,-.36,-.55,.23,-.42,-.23,.28,-.7,-1.31
6,NIFTY Midcap 100,.02,-.99,-1.63,-.14,-2.25,.7,-.08,-.29,1.24,.92,-.01,-2.12,-.26,-.38,-.51,.21,-.46,-.25,.37,-.53,-1.39
7,NIFTY Smallcap 100,.27,-.81,-1.85,.15,-1.53,.89,-.23,-.07,1.74,.76,-.18,-2.43,-.58,-.07,-.48,.17,.02,.22,1.2,-.37,-.23
8,Nifty50 Dividend Points,-,-,-,-,-,-,-,-,-,-,-,-,-,-,-,-,-,-,-,-,-
9,Nifty Auto,.46,-1.33,-1.64,.89,-1.57,.26,-.24,.08,-.11,.99,.51,-2.01,-.86,-.41,-.44,.28,-.04,-.45,-.52,-1.79,-1.22
10,Nifty Bank,.69,-.39,-1.99,.26,-1.96,.59,-.45,.2,.54,-.42,.89,-1.43,.24,.31,-.85,-.54,-.49,-.02,.36,-.41,-1.06
11,Nifty Energy,.35,-.5,-2,.21,-1.06,.09,-.24,.12,1.05,.53,.1,-2.08,-.75,-.29,.63,.32,-.25,-.19,.3,.59,-.38
12,Nifty Financial Services,0,-.09,-1.69,.56,-2.39,.58,-.42,.06,.76,.22,.74,-1.83,.1,.57,-1.24,-.93,-.44,.49,.43,-.73,-1.1
13,Nifty FMCG,-.63,-1.05,-1.47,.4,-1.08,1.32,-.53,.95,-.23,.03,1.63,-.5,-.29,-.27,-.96,.35,-.66,-.14,-.62,-.47,.94
14,Nifty IT,.13,-1.48,-.26,-.17,-.44,-.87,-.86,-.08,-1.03,.23,-1.58,2.19,.11,-.08,-3.24,-.37,-2.28,-.47,-.85,-1.25,.98
15,Nifty Media,2.74,.11,-.74,-.23,-.8,-.5,1.21,.14,1.34,1.19,.74,-2.17,.16,.55,-.92,1.31,-2.86,.3,1.74,-1.75,.26
16,Nifty Metal,-1.5,.78,-1.78,.35,-1.96,2.4,.14,-.61,1.51,.94,.55,-2.54,-2.3,-.65,1.79,.02,-1.24,1.07,.14,-.25,-.03
17,Nifty MNC,-.44,-1.18,-1.64,.47,-1.23,.74,-.65,-.39,1.25,.58,.25,-1.89,-.71,-.38,-.25,.09,-.23,-.34,-.08,-.82,-1.57
18,Nifty Pharma,-1.84,.64,-.89,-.1,-.45,.9,-.41,1.16,.49,1.66,-.16,-1.3,-.09,-.51,-.7,.77,.75,-.68,-.46,-.04,-1.45
19,Nifty PSU Bank,.54,-.66,-3.24,.28,-1.13,1.14,-.49,-.06,.66,-.16,1.44,-2.29,-.62,.39,-.51,-.15,-1.06,-.44,.48,.07,-1.21
20,Nifty Realty,1.62,-2,-2.12,.92,-1.1,1.1,.9,1.14,1.19,1.45,.99,-4.04,-2.7,-.02,-2.23,-.05,-1.7,-.9,2.58,.21,-1.42
21,Nifty India Consumption,-.74,-1.01,-1.27,.55,-1.67,.51,-.19,.42,.29,.58,.7,-1.55,-.47,-.15,-.33,.07,-.32,-.4,-.5,-.67,-.17
22,Nifty Commodities,-.19,-.41,-1.83,.26,-1.36,1.02,.06,-.24,.68,.63,.37,-1.8,-1.34,-.29,.64,-.27,-1.04,.55,-.06,.54,.14
23,Nifty Dividend Opportunities 50,-.12,-.71,-1.54,.08,-1,.55,-.32,.09,-.08,.22,.29,-.56,-.65,.06,-.9,-.12,-1.11,-.11,-.36,-.49,-.05
24,Nifty Infrastructure,-.05,-.5,-1.95,.14,-1.65,.82,-.41,-.14,1.14,.68,-.02,-1.83,-.62,.15,-.27,-.49,-.1,-.07,-.09,.03,.33
25,Nifty PSE,.18,-.5,-1.91,.18,-.85,.22,.13,.07,.45,.63,.29,-2.29,-.64,.14,.29,.3,-.31,.04,.11,.38,-.46
26,Nifty Services Sector,-.5,-.12,-1.42,.25,-1.74,.31,-.3,-.04,.8,.1,.25,-.8,.11,.4,-1.23,-.77,-.5,0,.16,-.75,-.26
27,Nifty50 Shariah,-1.11,-.31,-.98,-.22,-.98,.31,-.75,.46,-.61,.42,-.15,.52,-.47,-.07,-1.49,-.26,-1.33,-.27,-.69,-.8,-.12
28,Nifty500 Shariah,-.43,-.75,-1.29,.03,-1.09,.53,-.53,.21,.71,.97,-.08,-1.21,-.55,-.25,-.79,.1,-.69,-.39,-.02,-.88,-.57
29,Nifty Low Volatility 50,-.54,-.96,-1.11,.29,-1.25,.61,-.38,.4,.19,.69,.44,-1.18,-.42,.1,-.95,-.12,-.69,-.16,-.33,-.62,-.5
30,Nifty Alpha 50,1.05,-.48,-2.26,-.08,-1.57,.86,-.61,-.68,2,.78,.33,-3.25,-.7,-.03,.15,.61,-.19,-.37,.29,-.39,-1.5
31,Nifty High Beta 50,.34,-.55,-2.33,.4,-2.13,.89,-.12,-.42,1.88,.96,-.04,-3.07,-.63,-.25,-.5,-.16,-.22,.61,.53,-.18,-1.82
32,Nifty100 Equal Weight,-.16,-.78,-1.78,.42,-1.52,.75,-.31,.12,.78,.84,.26,-2,-.62,-.17,-.39,.08,-.6,-.04,-.06,-.24,-.78
33,Nifty100 Liquid 15,-.22,-.24,-1.52,.22,-2.35,.72,-.3,-.15,.72,.79,.54,-2.31,-.62,.29,-.74,-.22,-.34,.04,-.26,-.45,-.04
34,Nifty CPSE,-.48,.18,-2.01,.22,-.41,.08,.45,.42,-.09,.29,.1,-1.99,-1.08,.54,.34,.51,-.04,-.3,.15,.67,.19
35,Nifty50 Value 20,-.22,-.18,-1.68,.23,-1.31,.31,-.36,.52,-.23,-.07,.49,-.6,-.35,.17,-1.12,-.69,-.74,.16,-.1,-.45,.22
36,Nifty Midcap Liquid 15,.63,-.66,-1.75,-.52,-1.89,.18,.29,-.5,.53,.88,-.11,-2.43,.66,-.62,-.79,.04,-.1,.59,.53,-1.27,-1.43
37,Nifty Shariah 25,-.25,-1.47,-.99,.43,-.76,.2,-.73,.75,-.22,.71,-.04,-.68,-.33,-.09,-1.34,.02,-.86,-.51,-.51,-.96,-.27
38,India VIX,.58,-1.65,12.15,-4.16,22.64,-5.93,-2.22,-1.21,-7.36,-6.66,-1.97,9.34,4.15,-1.05,6.12,.65,4.49,-5.8,-2.2,.87,2.7
39,Nifty Growth Sectors 15,-.91,-.89,-.9,.36,-.97,.16,-.57,.39,-.81,.19,-.12,-.15,-.51,-.13,-1.34,.01,-.79,-.38,-.75,-.91,-.83
40,Nifty50 TR 1x Inverse,.45,.29,1.6,-.32,1.65,-.51,.38,-.24,-.3,-.21,-.43,1.25,.35,-.19,.88,.63,.5,-.08,.17,.58,.11
41,Nifty50 TR 2x Leverage,-.86,-.58,-3.16,.66,-3.29,1,-.74,.54,.64,.44,.84,-2.44,-.69,.38,-1.74,-1.22,-1.02,.22,-.36,-1.16,-.22
42,Nifty50 PR 1x Inverse,.43,.3,1.6,-.32,1.65,-.48,.37,-.24,-.33,-.2,-.43,1.25,.35,-.18,.87,.63,.52,-.09,.18,.61,.11
43,Nifty50 PR 2x Leverage,-.86,-.58,-3.16,.66,-3.29,1,-.74,.54,.64,.44,.84,-2.44,-.69,.38,-1.74,-1.22,-1.02,.19,-.36,-1.19,-.22
44,NIFTY100 Quality 30,.27,-1.36,-1.17,.46,-1.17,.34,-.28,.63,-.25,.5,.09,-1.31,-.59,-.41,-.95,.48,-.63,-.4,-.34,-.69,-.42
45,Nifty Mahindra Group,,,,,,,,,,,,,,,,,,,,,
46,Nifty 50 Futures TR Index,-.68,-.26,-1.5,.35,-1.46,.25,-.2,.34,.21,.28,.22,-1.05,.02,-.27,-.82,-.48,-.7,.22,.02,-.36,-.65
47,Nifty Tata Group,,,,,,,,,,,,,,,,,,,,,
48,Nifty Tata Group 25% Cap,,,,,,,,,,,,,,,,,,,,,
49,Nifty Private Bank,.95,-.13,-1.51,.45,-2.19,.28,-.31,.29,.44,-.42,.79,-1.33,.48,.34,-.95,-.98,-.28,.28,.51,-.56,-.87
50,Nifty Smallcap 250,.29,-.65,-1.63,.02,-1.39,.83,-.1,-.05,1.54,.82,-.16,-2.44,-.51,.01,-.51,.23,.01,.2,1.03,-.58,-.05
51,Nifty Smallcap 50,.05,-.7,-1.89,.44,-1.63,.99,-.44,-.09,1.73,.92,-.16,-2.36,-.58,-.12,-.4,.31,.07,.32,1.24,-.44,-.29
52,Nifty MidSmallcap 400,.14,-.87,-1.63,-.09,-1.79,.69,-.12,-.26,1.5,.87,-.03,-2.24,-.34,-.24,-.46,.16,-.29,-.08,.66,-.59,-.81
53,Nifty Midcap 150,.06,-.99,-1.63,-.15,-2,.62,-.13,-.37,1.48,.89,.04,-2.14,-.25,-.38,-.43,.12,-.46,-.22,.46,-.59,-1.21
54,Nifty Midcap Select,.42,-.74,-1.79,-.09,-3.65,.19,.28,.02,.55,.93,.15,-2.18,.39,-.52,-.46,.15,-.43,-.31,.66,-1.01,-1.43
55,NIFTY LargeMidcap 250,-.1,-.72,-1.64,.11,-1.81,.6,-.25,-.07,.99,.64,.21,-1.8,-.32,-.15,-.57,-.13,-.47,-.09,.18,-.53,-.76
56,NIFTY SME EMERGE,.63,.63,-1.17,.76,-.52,.81,.91,-.37,.59,.87,-.78,-1.84,.2,.59,.87,.63,.22,.05,.95,.35,-.55
57,Nifty Oil & Gas,.44,-.87,-1.86,-.07,-1.23,.42,-.43,.53,.84,-.14,.7,-1.29,-.84,.01,-.14,-.67,-.61,.21,-.13,.33,.35
58,Nifty Financial Services 25/50,-.05,-.32,-1.77,.33,-2.16,.51,-.38,.2,.58,.38,.7,-1.89,.04,.53,-1.23,-.93,-.51,.47,.46,-.72,-1.15
59,Nifty Healthcare Index,-2.57,.15,-.85,-.47,-.66,.89,-.46,1.1,.51,1.56,-.15,-1.17,-.16,-.38,-.26,.63,.68,-.87,-.46,-.24,-1.6
60,Nifty500 Multicap 50:25:25,-.04,-.64,-1.64,.15,-1.65,.65,-.24,.02,1.01,.63,.15,-1.87,-.38,-.06,-.6,-.1,-.35,.01,.32,-.52,-.47
61,Nifty Microcap 250,-.26,1.03,-1.59,.29,-1.48,1.29,.41,-.14,1.61,.85,-.14,-3.27,.1,-.19,-.15,.52,.42,.67,.61,-.59,-.96
62,Nifty Total Market,-.14,-.51,-1.64,.23,-1.66,.65,-.26,.07,.86,.56,.22,-1.77,-.35,-.04,-.61,-.18,-.38,.03,.16,-.51,-.49
63,Nifty India Digital,-.26,-1.08,-1.17,-.41,-3.42,-.13,.13,.18,.33,.08,-.4,-.28,.35,-.3,-1.33,-.07,-.91,-.13,-.33,-.73,.05
64,Nifty Mobility,.11,-.65,-1.74,.61,-1.8,.37,.14,.18,.77,1.23,.24,-2.2,-.55,-.37,-.17,.12,-.17,-.28,-.09,-1.17,-.79
65,Nifty India Defence,1.5,-.99,-1.81,.43,-1.05,-.11,.58,.7,.86,1.56,-.16,-5.96,-.73,-.97,-1.07,2.5,.47,.39,.52,-.27,-.73
66,Nifty Financial Services Ex-Bank,-.28,-.91,-1.75,-.07,-4.35,1.43,-.27,-.57,1.1,1.14,.33,-2.77,-.11,.31,-.84,-.47,-.57,.8,.35,-.36,-1.9
67,Nifty Housing,.2,-.58,-1.72,.57,-1.34,.99,-.35,.07,.87,.65,.27,-2,-.77,-.03,-.06,-.6,-.79,.02,.36,-.16,-.88
68,Nifty Transportation & Logistics,-.05,-.64,-1.74,.64,-1.75,.3,.12,.13,.83,1.22,.3,-2.29,-.58,-.38,-.18,.19,-.16,-.32,-.12,-1.35,-.85
69,Nifty MidSmall Financial Services,.61,-.92,-2.11,-.52,-4.37,1.35,.25,-.81,.98,.48,.54,-2.63,.44,-.07,-.55,-.15,-.36,.55,1.01,-.38,-1.98
70,Nifty MidSmall Healthcare,-1.82,.41,-1.34,-.88,-.55,.64,-.48,.9,1.17,1.62,-.56,-1.5,-.06,-.52,-.34,.9,.65,-.46,.19,-.15,-.73
71,Nifty MidSmall IT & Telecom,1.33,-1.32,-1.65,.01,-.85,-.48,-.04,-.89,-.03,.48,-1.05,-1.19,.56,-.77,-1.79,.05,-.49,.64,-.58,-.72,-.38
72,Nifty MidSmall India Consumption,-.49,-1.43,-1.07,.15,-1.47,.67,.25,.9,.62,.78,.07,-1.36,-.72,-.3,-.72,.03,-.61,-.37,.26,-.52,-.64
73,Nifty REITs & InvITs,.18,-.36,-.19,-.02,.01,-.23,.05,-.08,.31,-.06,.13,.08,-.14,-.33,-.17,.07,.14,-.12,.53,-.18,-.09
74,Nifty Consumer Durables,-1.35,-2.71,-.3,.95,-.74,.63,-.64,.95,-.43,.07,.06,-2.41,-.3,.06,-.58,-.24,-.42,-.43,-.22,-.31,-1.4
75,Nifty Non-Cyclical Consumer,-.81,-.94,-1.22,.33,-1.61,.59,.02,.56,.49,.46,.72,-1.4,-.22,-.06,-.55,.04,-.53,-.34,-.52,-.43,-.14
76,Nifty India Manufacturing,-.36,-.84,-1.52,.46,-1.3,.8,-.34,.1,.65,1.35,.2,-2.4,-.92,-.58,-.23,.38,-.21,-.31,.02,-.81,-1.09
77,NIFTY100 Alpha 30,-.19,-.11,-2.32,.49,-1.58,.93,-.34,-.38,1.35,1.04,.53,-3.06,-1.27,-.5,.92,.5,-.59,.05,-.03,-.18,-.94
78,NIFTY500 Value 50,-.04,-.69,-1.93,-.07,-.99,.94,.05,-.33,.41,.41,.5,-1.73,-.91,.08,.15,-.09,-.62,-.07,.39,.34,-.7
79,Nifty100 Low Volatility 30,-.61,-.65,-1.21,.33,-1.32,.47,-.52,.52,-.1,.42,.34,-1.06,-.34,.01,-.97,-.37,-.74,-.14,-.46,-.59,-.34
80,NIFTY Alpha Low-Volatility 30,-.98,-.79,-1.23,.32,-1.45,.75,-.48,.43,.04,.57,.82,-1.88,-.79,-.16,-.12,-.05,-.4,-.31,-.36,-.44,-.89
81,NIFTY Quality Low-Volatility 30,-.66,-.89,-.97,.32,-1.08,.53,-.4,.66,-.09,.5,.56,-.73,-.31,-.23,-1.07,.09,-.4,-.68,-.42,-.76,-.49
82,NIFTY Alpha Quality Low-Volatility 30,-.53,-.99,-1.24,.32,-1.1,.58,-.33,.63,-.01,.74,.57,-1.26,-.63,-.28,-.52,.41,-.14,-.85,-.51,-.78,-1.03
83,NIFTY Alpha Quality Value Low-Volatility 30,-.74,-.71,-1.27,.09,-.91,.66,-.36,.57,-.06,.35,.6,-1.16,-.77,-.26,-.36,.3,-.25,-.26,-.6,-.56,-.44
84,NIFTY200 Quality 30,.12,-1.69,-1.07,.43,-1.07,.15,-.5,.45,-.07,.41,.21,-1.27,-.67,-.36,-1.06,.49,-.97,-.57,-.31,-.7,-.17
85,NIFTY Midcap150 Quality 50,-.24,-1.69,-1.07,.22,-.97,.4,-.32,-.84,1.8,.82,-.14,-1.33,-.49,-.16,-1.27,-.38,-.37,-.49,.3,-1.13,-.67
86,Nifty200 Momentum 30,-.04,-.28,-2.03,-.08,-1.34,1.22,-.12,-.32,.98,1.44,-.1,-3.13,-.69,-.75,.55,.89,-.07,-.05,.08,-.15,-1.9
87,Nifty100 ESG Sector Leaders,-.24,-.57,-1.6,.4,-1.76,.45,-.35,.07,.68,.29,.35,-1.28,-.37,.06,-.65,-.59,-.59,.18,-.11,-.46,-.14
88,Nifty200 Alpha 30,-.03,-.15,-2.24,-.22,-1.89,1.26,-.16,-.64,1.58,1.17,.15,-3.03,-.68,-.88,.45,.83,-.14,.01,.03,-.07,-2.01
89,Nifty Midcap150 Momentum 50,-.43,-.39,-1.84,-.31,-1.6,1.05,-.14,-.49,1.41,1.19,-.05,-2.7,-.12,-.72,-.02,.81,-.13,-.36,.26,-.42,-2.08
90,Nifty Smallcap250 Quality 50,1.09,-1.22,-1.41,.14,-1.06,.76,-.03,-.34,.66,.86,-.19,-1.4,-.28,-.18,-.6,.07,-.35,.15,.62,-.89,-.16
91,NIFTY100 ESG,-.17,-.75,-1.58,.41,-1.75,.5,-.42,-.03,.74,.49,.34,-1.28,-.46,.03,-.7,-.26,-.68,-.03,-.24,-.54,-.54
92,NIFTY100 Enhanced ESG,-.17,-.75,-1.57,.41,-1.75,.49,-.42,-.03,.74,.48,.34,-1.28,-.46,.03,-.7,-.26,-.68,-.03,-.24,-.54,-.53
93,NIFTY50 Equal Weight,-.76,-.32,-1.4,.26,-1.66,.58,-.25,.26,.16,.7,.36,-1.42,-.54,.1,-.45,-.26,-.65,.06,-.3,-.52,-.45
94,Nifty 50 Futures Index,-.69,-.27,-1.55,.34,-1.48,.24,-.22,.29,.19,.26,.21,-1.11,.01,-.29,-.83,-.49,-.75,.2,0,-.37,-.66
95,Nifty 50 Arbitrage,.18,.12,.03,0,-.11,.18,-.09,.02,.09,-.02,.15,-.03,-.22,.32,-.02,-.07,.18,-.05,-.11,-.12,.37
96,Nifty Aditya Birla Group,,,,,,,,,,,,,,,,,,,,,
97,Nifty 8-13 yr G-Sec,-.09,.16,-.44,-.01,-.43,-.1,.25,.04,0,-.01,.17,-.4,-.29,-.09,0,.03,.05,.03,.12,-.12,0
98,Nifty 4-8 yr G-Sec Index,-.05,.16,-.29,0,-.4,-.03,.11,.12,.04,-.07,.08,-.57,-.31,-.08,-.05,.06,.04,.06,.22,0,-.03
99,Nifty 11-15 yr G-Sec Index,-.17,.17,-.7,-.09,-.47,-.16,.34,.13,-.07,-.01,.18,-.48,-.28,-.11,-.05,.09,-.01,.04,.11,-.17,-.03
100,Nifty 15 yr and above G-Sec Index,-.09,.35,-.8,-.08,-.44,-.14,.33,.25,.02,.35,.35,-.42,-.25,-.07,0,.01,.04,.05,.06,-.33,.05
101,Nifty Composite G-sec Index,-.1,.19,-.55,-.04,-.43,-.13,.28,.12,-.01,.07,.21,-.45,-.28,-.07,-.04,.07,.03,.06,.09,-.17,.01
102,Nifty 10 yr Benchmark G-Sec,-.1,.2,-.49,0,-.43,-.19,.32,.07,-.07,.03,.22,-.41,-.28,-.09,-.03,.1,.06,.04,.08,-.12,-.03
103,Nifty 10 yr Benchmark G-Sec (Clean Price),-.12,.18,-.52,-.02,-.46,-.22,.31,.05,-.09,.02,.2,-.44,-.31,-.11,-.05,.08,.04,.02,.06,-.14,-.05
104,Nifty 1D Rate Index,.01,.01,.04,.01,.01,.01,.01,.04,.01,.01,.01,.05,.01,.01,.01,.01,.04,.01,.01,.01,.01
105,Nifty50 USD,-.25,-.28,-1.73,.48,-1.86,.36,-.15,.36,.39,.25,.43,-1.62,-.44,-.17,-1.14,-.96,-.49,.1,.34,-.62,.14
